{"stats":{"minecraft:picked_up":{"minecraft:bamboo":10},"minecraft:custom":{"minecraft:jump":41,"minecraft:time_since_rest":6159,"minecraft:leave_game":3,"minecraft:crouch_one_cm":447,"minecraft:play_time":6159,"minecraft:sprint_one_cm":1083,"minecraft:time_since_death":6159,"minecraft:walk_one_cm":6479,"minecraft:sneak_time":288,"minecraft:total_world_time":6159,"minecraft:fall_one_cm":418,"minecraft:drop":2,"minecraft:fly_one_cm":1773},"minecraft:used":{"minecraft:bamboo":1},"minecraft:mined":{"minecraft:bamboo":7,"minecraft:oak_leaves":1},"minecraft:dropped":{"minecraft:bamboo":2}},"DataVersion":3465}