{"stats":{"minecraft:dropped":{"minecraft:rotten_flesh":2,"minecraft:wheat_seeds":1},"minecraft:custom":{"minecraft:time_since_rest":6598,"minecraft:crouch_one_cm":255,"minecraft:damage_taken":466,"minecraft:sprint_one_cm":34765,"minecraft:play_time":14148,"minecraft:deaths":2,"minecraft:walk_one_cm":17270,"minecraft:sneak_time":114,"minecraft:drop":3,"minecraft:jump":265,"minecraft:leave_game":4,"minecraft:time_since_death":6827,"minecraft:total_world_time":14148,"minecraft:fall_one_cm":9002,"minecraft:fly_one_cm":77731},"minecraft:picked_up":{"minecraft:rotten_flesh":2,"minecraft:wheat_seeds":1,"biomesoplenty:pink_daffodil":1},"minecraft:mined":{"minecraft:grass":7,"biomesoplenty:clover":11,"biomesoplenty:high_grass":5,"biomesoplenty:high_grass_plant":5,"minecraft:tall_grass":6,"biomesoplenty:pink_daffodil":1,"biomesoplenty:huge_clover_petal":3}},"DataVersion":3465}