{"stats":{"minecraft:mined":{"minecraft:bamboo":1},"minecraft:dropped":{"minecraft:bamboo":2},"minecraft:used":{"minecraft:bamboo":1},"minecraft:custom":{"minecraft:jump":27,"minecraft:time_since_rest":3964,"minecraft:leave_game":2,"minecraft:crouch_one_cm":332,"minecraft:play_time":3964,"minecraft:sprint_one_cm":250,"minecraft:time_since_death":3964,"minecraft:walk_one_cm":3219,"minecraft:sneak_time":84,"minecraft:total_world_time":3964,"minecraft:fall_one_cm":418,"minecraft:drop":2,"minecraft:fly_one_cm":487},"minecraft:picked_up":{"minecraft:bamboo":3}},"DataVersion":3465}