{"stats":{"minecraft:dropped":{"minecraft:rotten_flesh":2,"minecraft:wheat_seeds":1},"minecraft:mined":{"minecraft:grass":7,"biomesoplenty:clover":11,"biomesoplenty:high_grass":5,"biomesoplenty:high_grass_plant":5,"minecraft:tall_grass":6,"biomesoplenty:pink_daffodil":1,"biomesoplenty:huge_clover_petal":3},"minecraft:custom":{"minecraft:time_since_rest":5578,"minecraft:crouch_one_cm":255,"minecraft:damage_taken":466,"minecraft:sprint_one_cm":34520,"minecraft:play_time":13128,"minecraft:deaths":2,"minecraft:walk_one_cm":15585,"minecraft:sneak_time":114,"minecraft:drop":3,"minecraft:jump":260,"minecraft:leave_game":3,"minecraft:time_since_death":5807,"minecraft:total_world_time":13128,"minecraft:fall_one_cm":8793,"minecraft:fly_one_cm":77215},"minecraft:picked_up":{"minecraft:rotten_flesh":2,"minecraft:wheat_seeds":1,"biomesoplenty:pink_daffodil":1}},"DataVersion":3465}