{"stats":{"minecraft:mined":{"minecraft:grass":7,"biomesoplenty:clover":11,"biomesoplenty:high_grass":5,"biomesoplenty:high_grass_plant":5,"minecraft:tall_grass":6,"biomesoplenty:pink_daffodil":1,"biomesoplenty:huge_clover_petal":3},"minecraft:dropped":{"minecraft:rotten_flesh":2,"minecraft:wheat_seeds":1},"minecraft:custom":{"minecraft:time_since_rest":2940,"minecraft:walk_one_cm":13658,"minecraft:sprint_one_cm":33492,"minecraft:play_time":10490,"minecraft:damage_taken":466,"minecraft:deaths":2,"minecraft:sneak_time":37,"minecraft:drop":3,"minecraft:jump":254,"minecraft:leave_game":2,"minecraft:time_since_death":3169,"minecraft:total_world_time":10490,"minecraft:fall_one_cm":8793,"minecraft:fly_one_cm":76072},"minecraft:picked_up":{"minecraft:rotten_flesh":2,"minecraft:wheat_seeds":1,"biomesoplenty:pink_daffodil":1}},"DataVersion":3465}